Connection Details,,,,,
Timestamp,Total Connections,HTTP Connections,SSH Connections,SYN_RECV Connections,Unique Web Sources
2025-04-21 1:55:33,8,0,2,0,0
2025-04-21 1:55:34,8,0,2,0,0
2025-04-21 1:55:35,8,0,2,0,0
2025-04-21 1:55:36,8,0,2,0,0
2025-04-21 1:55:37,8,0,2,0,0
2025-04-21 1:55:38,8,0,2,0,0
2025-04-21 1:55:39,8,0,2,0,0
2025-04-21 1:55:40,8,0,2,0,0
2025-04-21 1:55:41,8,0,2,0,0
2025-04-21 1:55:42,8,0,2,0,0
2025-04-21 1:55:43,8,0,2,0,0
2025-04-21 1:55:44,8,0,2,0,0
2025-04-21 1:55:45,8,0,2,0,0
2025-04-21 1:55:46,8,0,2,0,0
2025-04-21 1:55:47,8,0,2,0,0
2025-04-21 1:55:48,8,0,2,0,0
2025-04-21 1:55:49,8,0,2,0,0
2025-04-21 1:55:50,8,0,2,0,0
2025-04-21 1:55:51,8,0,2,0,0
2025-04-21 1:55:52,8,0,2,0,0
2025-04-21 1:55:53,8,0,2,0,0
2025-04-21 1:55:54,8,0,2,0,0
2025-04-21 1:55:55,8,0,2,0,0
2025-04-21 1:55:56,8,0,2,0,0
2025-04-21 1:55:57,8,0,2,0,0
2025-04-21 1:55:58,8,0,2,0,0
2025-04-21 1:55:59,8,0,2,0,0
2025-04-21 1:56:00,8,0,2,0,0
2025-04-21 1:56:01,9,1,2,0,1
2025-04-21 1:56:02,8,0,2,0,0
2025-04-21 1:56:03,8,0,2,0,0
2025-04-21 1:56:04,8,0,2,0,0
2025-04-21 1:56:05,8,0,2,0,0
2025-04-21 1:56:06,8,0,2,0,0
2025-04-21 1:56:07,8,0,2,0,0
2025-04-21 1:56:08,8,0,2,0,0
2025-04-21 1:56:09,8,0,2,0,0
2025-04-21 1:56:10,8,0,2,0,0
2025-04-21 1:56:11,8,0,2,0,0
2025-04-21 1:56:12,8,0,2,0,0
2025-04-21 1:56:13,8,0,2,0,0
2025-04-21 1:56:14,8,0,2,0,0
2025-04-21 1:56:15,8,0,2,0,0
2025-04-21 1:56:16,8,0,2,0,0
2025-04-21 1:56:17,8,0,2,0,0
2025-04-21 1:56:18,8,0,2,0,0
2025-04-21 1:56:19,8,0,2,0,0
2025-04-21 1:56:20,8,0,2,0,0
2025-04-21 1:56:21,8,0,2,0,0
2025-04-21 1:56:22,8,0,2,0,0
2025-04-21 1:56:23,8,0,2,0,0
2025-04-21 1:56:24,8,0,2,0,0
2025-04-21 1:56:25,8,0,2,0,0
2025-04-21 1:56:26,8,0,2,0,0
2025-04-21 1:56:27,8,0,2,0,0
2025-04-21 1:56:28,8,0,2,0,0
2025-04-21 1:56:29,8,0,2,0,0
2025-04-21 1:56:30,8,0,2,0,0
2025-04-21 1:56:31,8,0,2,0,0
2025-04-21 1:56:32,8,0,2,0,0
2025-04-21 1:56:33,8,0,2,0,0
2025-04-21 1:56:34,8,0,2,0,0
2025-04-21 1:56:35,8,0,2,0,0
2025-04-21 1:56:36,8,0,2,0,0
2025-04-21 1:56:37,8,0,2,0,0
2025-04-21 1:56:38,8,0,2,0,0
2025-04-21 1:56:39,8,0,2,0,0
2025-04-21 1:56:40,8,0,2,0,0
2025-04-21 1:56:41,8,0,2,0,0
2025-04-21 1:56:42,8,0,2,0,0
2025-04-21 1:56:43,8,0,2,0,0
2025-04-21 1:56:44,8,0,2,0,0
2025-04-21 1:56:45,8,0,2,0,0
2025-04-21 1:56:46,8,0,2,0,0
2025-04-21 1:56:47,8,0,2,0,0
2025-04-21 1:56:48,8,0,2,0,0
2025-04-21 1:56:49,8,0,2,0,0
2025-04-21 1:56:50,8,0,2,0,0
2025-04-21 1:56:51,8,0,2,0,0
2025-04-21 1:56:52,8,0,2,0,0
2025-04-21 1:56:53,8,0,2,0,0
2025-04-21 1:56:54,8,0,2,0,0
2025-04-21 1:56:55,8,0,2,0,0
2025-04-21 1:56:56,8,0,2,0,0
2025-04-21 1:56:57,8,0,2,0,0
2025-04-21 1:56:58,8,0,2,0,0
2025-04-21 1:56:59,8,0,2,0,0
2025-04-21 1:57:00,595,587,2,0,1
2025-04-21 1:57:01,620,612,2,0,1
2025-04-21 1:57:02,670,662,2,0,1
2025-04-21 1:57:03,670,662,2,0,1
2025-04-21 1:57:04,670,662,2,0,1
2025-04-21 1:57:05,670,662,2,0,1
2025-04-21 1:57:06,670,662,2,0,1
2025-04-21 1:57:07,670,662,2,0,1
2025-04-21 1:57:08,670,662,2,0,1
2025-04-21 1:57:09,670,662,2,0,1
2025-04-21 1:57:10,670,662,2,0,1
2025-04-21 1:57:11,670,662,2,0,1
2025-04-21 1:57:12,670,662,2,0,1
2025-04-21 1:57:13,670,662,2,0,1
2025-04-21 1:57:14,670,662,2,0,1
2025-04-21 1:57:15,670,662,2,0,1
2025-04-21 1:57:16,670,662,2,0,1
2025-04-21 1:57:17,670,662,2,0,1
2025-04-21 1:57:18,670,662,2,0,1
2025-04-21 1:57:19,670,662,2,0,1
2025-04-21 1:57:20,670,587,2,0,1
2025-04-21 1:57:21,770,662,2,0,1
2025-04-21 1:57:22,820,662,2,0,1
2025-04-21 1:57:23,820,662,2,0,1
2025-04-21 1:57:24,820,662,2,0,1
2025-04-21 1:57:25,820,662,2,0,1
2025-04-21 1:57:26,670,662,2,0,1
2025-04-21 1:57:28,670,662,2,0,1
2025-04-21 1:57:29,670,662,2,0,1
2025-04-21 1:57:30,670,662,2,0,1
2025-04-21 1:57:31,670,662,2,0,1
2025-04-21 1:57:32,670,662,2,0,1
2025-04-21 1:57:33,670,662,2,0,1
2025-04-21 1:57:34,670,662,2,0,1
2025-04-21 1:57:35,670,662,2,0,1
2025-04-21 1:57:36,670,662,2,0,1
2025-04-21 1:57:37,670,662,2,0,1
2025-04-21 1:57:38,670,662,2,0,1
2025-04-21 1:57:39,670,662,2,0,1
2025-04-21 1:57:40,670,662,2,0,1
2025-04-21 1:57:41,670,662,2,0,1
2025-04-21 1:57:42,770,662,2,0,1
2025-04-21 1:57:43,820,662,2,0,1
2025-04-21 1:57:44,820,662,2,0,1
2025-04-21 1:57:45,820,662,2,0,1
2025-04-21 1:57:46,820,662,2,0,1
2025-04-21 1:57:47,670,662,2,0,1
2025-04-21 1:57:48,670,662,2,0,1
2025-04-21 1:57:49,670,662,2,0,1
2025-04-21 1:57:50,670,662,2,0,1
2025-04-21 1:57:51,670,662,2,0,1
2025-04-21 1:57:52,670,662,2,0,1
2025-04-21 1:57:53,670,662,2,0,1
2025-04-21 1:57:54,670,662,2,0,1
2025-04-21 1:57:55,670,662,2,0,1
2025-04-21 1:57:56,670,662,2,0,1
2025-04-21 1:57:57,670,662,2,0,1
2025-04-21 1:57:58,670,662,2,0,1
2025-04-21 1:57:59,670,662,2,0,1
2025-04-21 1:58:00,670,662,2,0,1
2025-04-21 1:58:01,670,662,2,0,1
2025-04-21 1:58:02,670,562,2,0,1
2025-04-21 1:58:03,670,662,2,0,1
2025-04-21 1:58:04,720,662,2,0,1
2025-04-21 1:58:05,720,662,2,0,1
2025-04-21 1:58:06,720,662,2,0,1
2025-04-21 1:58:07,720,662,2,0,1
2025-04-21 1:58:08,670,662,2,0,1
2025-04-21 1:58:09,670,662,2,0,1
2025-04-21 1:58:10,670,662,2,0,1
2025-04-21 1:58:11,670,662,2,0,1
2025-04-21 1:58:12,670,662,2,0,1
2025-04-21 1:58:13,670,662,2,0,1
2025-04-21 1:58:14,670,662,2,0,1
2025-04-21 1:58:15,670,662,2,0,1
2025-04-21 1:58:16,670,662,2,0,1
2025-04-21 1:58:17,670,662,2,0,1
2025-04-21 1:58:18,670,662,2,0,1
2025-04-21 1:58:19,670,662,2,0,1
2025-04-21 1:58:20,670,662,2,0,1
2025-04-21 1:58:21,670,662,2,0,1
2025-04-21 1:58:22,670,562,2,0,1
2025-04-21 1:58:23,770,662,2,0,1
2025-04-21 1:58:24,770,612,2,0,1
2025-04-21 1:58:25,770,612,2,0,1
2025-04-21 1:58:26,820,662,2,0,1
2025-04-21 1:58:27,820,662,2,0,1
2025-04-21 1:58:28,820,662,2,0,1
2025-04-21 1:58:29,820,662,2,0,1
2025-04-21 1:58:31,670,662,2,0,1
2025-04-21 1:58:32,670,662,2,0,1
2025-04-21 1:58:33,670,662,2,0,1
2025-04-21 1:58:34,670,662,2,0,1
2025-04-21 1:58:35,670,662,2,0,1
2025-04-21 1:58:36,670,662,2,0,1
2025-04-21 1:58:37,670,662,2,0,1
2025-04-21 1:58:38,670,662,2,0,1
2025-04-21 1:58:39,670,662,2,0,1
2025-04-21 1:58:40,670,662,2,0,1
2025-04-21 1:58:41,670,662,2,0,1
2025-04-21 1:58:42,670,662,2,0,1
2025-04-21 1:58:43,670,662,2,0,1
2025-04-21 1:58:44,670,562,2,0,1
2025-04-21 1:58:45,770,662,2,0,1
2025-04-21 1:58:46,820,662,2,0,1
2025-04-21 1:58:47,820,662,2,0,1
2025-04-21 1:58:48,820,662,2,0,1
2025-04-21 1:58:49,820,662,2,0,1
2025-04-21 1:58:50,670,662,2,0,1
2025-04-21 1:58:51,670,662,2,0,1
2025-04-21 1:58:52,670,662,2,0,1
2025-04-21 1:58:53,670,662,2,0,1
2025-04-21 1:58:54,670,662,2,0,1
2025-04-21 1:58:55,670,662,2,0,1
2025-04-21 1:58:56,670,662,2,0,1
2025-04-21 1:58:57,670,662,2,0,1
2025-04-21 1:58:58,670,662,2,0,1
2025-04-21 1:58:59,670,662,2,0,1
2025-04-21 1:59:00,670,662,2,0,1
2025-04-21 1:59:01,670,662,2,0,1
2025-04-21 1:59:02,670,662,2,0,1
2025-04-21 1:59:03,670,662,2,0,1
2025-04-21 1:59:04,670,562,2,0,1
2025-04-21 1:59:05,770,662,2,0,1
2025-04-21 1:59:06,820,662,2,0,1
2025-04-21 1:59:07,820,662,2,0,1
2025-04-21 1:59:08,820,662,2,0,1
2025-04-21 1:59:09,820,662,2,0,1
2025-04-21 1:59:10,670,662,2,0,1
2025-04-21 1:59:11,670,662,2,0,1
2025-04-21 1:59:12,670,662,2,0,1
2025-04-21 1:59:13,670,662,2,0,1
2025-04-21 1:59:14,670,662,2,0,1
2025-04-21 1:59:15,670,662,2,0,1
2025-04-21 1:59:16,670,662,2,0,1
2025-04-21 1:59:17,670,662,2,0,1
2025-04-21 1:59:18,670,662,2,0,1
2025-04-21 1:59:19,670,662,2,0,1
2025-04-21 1:59:20,670,662,2,0,1
2025-04-21 1:59:21,670,662,2,0,1
2025-04-21 1:59:22,670,662,2,0,1
2025-04-21 1:59:23,670,662,2,0,1
2025-04-21 1:59:24,670,662,2,0,1
2025-04-21 1:59:25,770,662,2,0,1
2025-04-21 1:59:26,770,612,2,0,1
2025-04-21 1:59:27,8,0,2,0,0
2025-04-21 1:59:28,8,0,2,0,0
2025-04-21 1:59:29,8,0,2,0,0